,mean,min,max,std
Lift Up,63.93877551020408,52.0,65.0,3.5685702847990872
Signature,52.5,45.0,60.0,7.526930068692861
Zero-G,62.20367534456355,45.0,88.0,9.390955639380778
